,State,1977,1978,1979,1980,1981,1982,1983,1984,1985,1986,1987,1988,1989,1990,1991,1992,1993,1994,1995,1996,1997,1998,1999,2000,2001,2002,2003,2004,2005,2006,2007,2008,2009,2010,2011,2012,2013,2014,2015,2016,2017,fips
0,Alaska,#FF0000,#FF0000,#FF0000,#FF0000,#FF0000,#FF0000,#FF0000,#FF0000,#FF0000,#FF0000,#FF0000,#FF0000,#FF0000,#FF0000,#FFFF00,#FFFF00,#FF7D00,#FF7D00,#FF7D00,#FF7D00,#FF7D00,#FF7D00,#FF7D00,#FF7D00,#FF0000,#FF0000,#FF0000,#FF0000,#FF0000,#FF0000,#FF0000,#FF7D00,#FF7D00,#FF7D00,#FF7D00,#FF7D00,#FF7D00,#FF7D00,#FF7D00,#FF7D00,#FF7D00,US01
1,Alabama,#0000FF,#007DFF,#007DFF,#007DFF,#007DFF,#00FFFF,#00ff7D,#00ff7D,#00ff7D,#00ff7D,#00ff7D,#00ff7D,#00ff7D,#00ff7D,#00ff7D,#00FFFF,#00ff7D,#00FFFF,#00FFFF,#00FFFF,#00FFFF,#00FFFF,#00ff7D,#00ff7D,#00ff7D,#00ff7D,#00ff7D,#00ff7D,#00FFFF,#00ff7D,#00ff7D,#00ff7D,#00ff7D,#00ff7D,#00ff7D,#00ff7D,#00FF00,#00FF00,#00FF00,#00FF00,#00FF00,US02
2,Arkansas,#00ff7D,#00FF00,#00FF00,#00FF00,#00FF00,#00FF00,#00FF00,#00FF00,#00FF00,#00FF00,#00FF00,#00FF00,#00FF00,#00FF00,#00ff7D,#00ff7D,#00FF00,#00FF00,#7DFF00,#7DFF00,#00FF00,#7DFF00,#7DFF00,#7DFF00,#7DFF00,#FFFF00,#FFFF00,#FFFF00,#FFFF00,#FFFF00,#FFFF00,#FFFF00,#FFFF00,#FFFF00,#7DFF00,#7DFF00,#7DFF00,#7DFF00,#7DFF00,#7DFF00,#7DFF00,US05
3,Arizona,#7DFF00,#7DFF00,#7DFF00,#00FF00,#7DFF00,#00FF00,#00FF00,#00FF00,#00FF00,#7DFF00,#7DFF00,#00FF00,#7DFF00,#00FF00,#00ff7D,#00ff7D,#7DFF00,#7DFF00,#7DFF00,#7DFF00,#7DFF00,#7DFF00,#7DFF00,#7DFF00,#FFFF00,#FFFF00,#FFFF00,#FFFF00,#FFFF00,#FFFF00,#FF7D00,#FF7D00,#FF7D00,#FF7D00,#FF7D00,#FF7D00,#FF7D00,#FF7D00,#FF7D00,#FF7D00,#FF7D00,US04
4,California,#7DFF00,#7DFF00,#FFFF00,#FFFF00,#FFFF00,#FFFF00,#FFFF00,#FFFF00,#FFFF00,#FFFF00,#FFFF00,#7DFF00,#7DFF00,#7DFF00,#00FF00,#00FF00,#7DFF00,#7DFF00,#7DFF00,#7DFF00,#7DFF00,#7DFF00,#7DFF00,#7DFF00,#7DFF00,#7DFF00,#7DFF00,#7DFF00,#7DFF00,#00FF00,#00FF00,#00FF00,#00FF00,#00FF00,#00FF00,#00FF00,#00FF00,#00FF00,#00FF00,#00FF00,#00FF00,US06
5,Colorado,#00FF00,#7DFF00,#7DFF00,#7DFF00,#7DFF00,#7DFF00,#FFFF00,#FFFF00,#FFFF00,#FFFF00,#FFFF00,#7DFF00,#7DFF00,#FFFF00,#00FF00,#00FF00,#7DFF00,#7DFF00,#7DFF00,#7DFF00,#7DFF00,#7DFF00,#7DFF00,#7DFF00,#7DFF00,#7DFF00,#FFFF00,#FFFF00,#FFFF00,#7DFF00,#7DFF00,#7DFF00,#7DFF00,#7DFF00,#00FF00,#00FF00,#00FF00,#00FF00,#00FF00,#00FF00,#00FF00,US08
6,Connecticut,#00FF00,#00FF00,#00FFFF,#00FFFF,#007DFF,#0000FF,#007DFF,#00FFFF,#00FFFF,#00FFFF,#00FFFF,#00FFFF,#00FFFF,#00FFFF,#00FFFF,#00FFFF,#00ff7D,#00ff7D,#00ff7D,#00ff7D,#00FFFF,#00FFFF,#00ff7D,#00ff7D,#00ff7D,#00ff7D,#00ff7D,#00ff7D,#00ff7D,#00ff7D,#00ff7D,#00ff7D,#00ff7D,#00ff7D,#00ff7D,#00ff7D,#00FF00,#00FF00,#00FF00,#00FF00,#00FF00,US09
7,District of Columbia,#0000FF,#0000FF,#007DFF,#00FF00,#00ff7D,#00ff7D,#00FF00,#00ff7D,#00ff7D,#00FF00,#7DFF00,#00FF00,#00FF00,#00ff7D,#00FF00,#00FF00,#00FF00,#00ff7D,#00FF00,#00ff7D,#00FF00,#00FF00,#7DFF00,#7DFF00,#7DFF00,#7DFF00,#FFFF00,#7DFF00,#7DFF00,#FFFF00,#FFFF00,#FFFF00,#FFFF00,#FFFF00,#7DFF00,#7DFF00,#00FF00,#00FF00,#00FF00,#00FF00,#00FF00,US11
8,Delaware,#00ff7D,#00ff7D,#00ff7D,#0000FF,#0000FF,#0000FF,#007DFF,#007DFF,#007DFF,#007DFF,#007DFF,#007DFF,#007DFF,#0000FF,#0000FF,#0000FF,#007DFF,#007DFF,#007DFF,#00ff7D,#00FFFF,#00ff7D,#00ff7D,#00ff7D,#00ff7D,#00ff7D,#00ff7D,#00ff7D,#00ff7D,#00ff7D,#00FFFF,#007DFF,#007DFF,#00FFFF,#00FFFF,#00ff7D,#00FF00,#00FF00,#00FF00,#00FF00,#00FF00,US10
9,Florida,#7DFF00,#7DFF00,#7DFF00,#7DFF00,#7DFF00,#FFFF00,#FFFF00,#FFFF00,#FFFF00,#7DFF00,#7DFF00,#FFFF00,#FFFF00,#FFFF00,#7DFF00,#00FF00,#7DFF00,#7DFF00,#7DFF00,#7DFF00,#7DFF00,#7DFF00,#7DFF00,#7DFF00,#7DFF00,#7DFF00,#7DFF00,#7DFF00,#7DFF00,#7DFF00,#7DFF00,#7DFF00,#7DFF00,#7DFF00,#7DFF00,#7DFF00,#7DFF00,#00FF00,#00FF00,#00FF00,#00FF00,US12
10,Georgia,#00FFFF,#00FFFF,#00FFFF,#00FFFF,#00ff7D,#00FFFF,#00ff7D,#00FFFF,#00ff7D,#00ff7D,#00ff7D,#00ff7D,#00ff7D,#00ff7D,#00FFFF,#00FFFF,#00ff7D,#00ff7D,#00ff7D,#00ff7D,#00ff7D,#00ff7D,#00ff7D,#00ff7D,#00FFFF,#00FFFF,#00FFFF,#00ff7D,#00ff7D,#00ff7D,#00ff7D,#00ff7D,#00ff7D,#00ff7D,#00ff7D,#00ff7D,#00ff7D,#00ff7D,#00ff7D,#00FF00,#00FF00,US13
11,Hawaii,#00FF00,#00ff7D,#00FF00,#00FF00,#00FF00,#00FF00,#00FF00,#00FF00,#00FF00,#00ff7D,#00FF00,#00FF00,#00FF00,#00FF00,#00ff7D,#00ff7D,#00FF00,#00FF00,#00FF00,#00FF00,#00ff7D,#00FF00,#00FF00,#00FF00,#00FF00,#00ff7D,#00FF00,#00FF00,#00FF00,#00FF00,#00FF00,#7DFF00,#7DFF00,#00FF00,#7DFF00,#7DFF00,#7DFF00,#7DFF00,#FFFF00,#7DFF00,#7DFF00,US15
12,Iowa,#00ff7D,#00FF00,#00FF00,#00FF00,#00FF00,#00FF00,#00FF00,#00FF00,#00FF00,#00FF00,#00FF00,#00FF00,#00FF00,#00FF00,#00ff7D,#00ff7D,#00FF00,#00FF00,#00FF00,#00FF00,#00FF00,#00FF00,#00FF00,#00ff7D,#00ff7D,#00FF00,#00ff7D,#00ff7D,#00FF00,#00FF00,#00FF00,#00FF00,#00FF00,#00FF00,#00FF00,#00FF00,#00FF00,#00FF00,#00FF00,#00FF00,#00FF00,US19
13,Idaho,#00FF00,#00FF00,#00FF00,#7DFF00,#FFFF00,#FFFF00,#FFFF00,#00FF00,#7DFF00,#00FF00,#00FF00,#00FF00,#00FF00,#00FF00,#00FFFF,#007DFF,#007DFF,#00FF00,#00FF00,#00FF00,#00FF00,#00FF00,#00FF00,#00FF00,#00FF00,#00FF00,#00FF00,#00FF00,#00ff7D,#00ff7D,#00ff7D,#00ff7D,#00FF00,#00ff7D,#00FF00,#00FF00,#00FF00,#00FF00,#00FF00,#00FF00,#00FF00,US16
14,Illinois,#00FF00,#00FF00,#00FF00,#00FF00,#00FF00,#00FF00,#00FF00,#00FF00,#00ff7D,#00ff7D,#00ff7D,#00ff7D,#00ff7D,#00ff7D,#00FFFF,#00FFFF,#00ff7D,#00ff7D,#00ff7D,#00FF00,#00FF00,#00FF00,#00FF00,#00FF00,#00FF00,#00FF00,#00FF00,#00FF00,#00FF00,#00FF00,#00ff7D,#00ff7D,#00ff7D,#00ff7D,#00ff7D,#00ff7D,#00ff7D,#00ff7D,#00ff7D,#00ff7D,#00ff7D,US17
15,Indiana,#00FFFF,#00FFFF,#00FF00,#00FF00,#00FF00,#00FF00,#00FF00,#00FF00,#00FF00,#00FF00,#00FF00,#00FF00,#00FF00,#00FF00,#00ff7D,#00ff7D,#00FF00,#00FF00,#00FF00,#00FF00,#00FF00,#00FF00,#00FF00,#00FF00,#00FF00,#00FF00,#00FF00,#00FF00,#00ff7D,#00ff7D,#00ff7D,#00ff7D,#00ff7D,#00ff7D,#00ff7D,#00FF00,#00FF00,#00FF00,#00FF00,#00FF00,#00FF00,US18
16,Kansas,#007DFF,#00ff7D,#00FFFF,#00ff7D,#00ff7D,#00ff7D,#00FF00,#00FF00,#00FF00,#00ff7D,#00FF00,#00FF00,#00FF00,#00FF00,#00ff7D,#00ff7D,#00FF00,#00FF00,#00FF00,#00FF00,#00FF00,#00FF00,#00ff7D,#00ff7D,#00FF00,#00ff7D,#00ff7D,#00ff7D,#00ff7D,#00ff7D,#00ff7D,#00ff7D,#00FF00,#00FF00,#00ff7D,#00FF00,#00ff7D,#00FF00,#00FF00,#00FF00,#00FF00,US20
17,Kentucky,#00ff7D,#00ff7D,#00ff7D,#00ff7D,#00ff7D,#00ff7D,#00ff7D,#00FF00,#00FF00,#00FF00,#00FF00,#00FF00,#00FF00,#00FF00,#00ff7D,#00ff7D,#00FF00,#00FF00,#00FF00,#00FF00,#00FF00,#00FF00,#00FF00,#00FF00,#00FF00,#00FF00,#00FF00,#00FF00,#00FF00,#00FF00,#00FF00,#00FF00,#00FF00,#00FF00,#00FF00,#00FF00,#00FF00,#00FF00,#00FF00,#00FF00,#00FF00,US21
18,Louisiana,#00ff7D,#00ff7D,#00ff7D,#00ff7D,#00ff7D,#00ff7D,#00ff7D,#00ff7D,#00ff7D,#00ff7D,#00FFFF,#00FFFF,#00ff7D,#00ff7D,#00FFFF,#00FFFF,#00ff7D,#00ff7D,#00ff7D,#00ff7D,#00FF00,#00FF00,#00FF00,#00FF00,#00ff7D,#00ff7D,#00ff7D,#00ff7D,#00FF00,#00FF00,#00FF00,#00FF00,#00FF00,#00FF00,#00FF00,#00FF00,#00FF00,#00FF00,#00FF00,#00FF00,#00FF00,US22
19,Massachusetts,#00FF00,#00FF00,#00FF00,#00FF00,#00FFFF,#00FF00,#00ff7D,#00ff7D,#00ff7D,#00ff7D,#00ff7D,#00ff7D,#00ff7D,#00FF00,#00ff7D,#00ff7D,#00FF00,#00ff7D,#00ff7D,#00ff7D,#00ff7D,#00ff7D,#00ff7D,#00ff7D,#00FFFF,#00FFFF,#00FFFF,#00FFFF,#00FFFF,#00FFFF,#00FFFF,#00FFFF,#00ff7D,#00ff7D,#00ff7D,#00ff7D,#00ff7D,#00ff7D,#00ff7D,#00ff7D,#00ff7D,US25
20,Maryland,#00ff7D,#00ff7D,#00FF00,#00ff7D,#00ff7D,#00FFFF,#00ff7D,#00FF00,#00FF00,#00ff7D,#00ff7D,#00ff7D,#00ff7D,#00ff7D,#00FFFF,#00FFFF,#00FF00,#00ff7D,#00ff7D,#00ff7D,#00ff7D,#00ff7D,#00FFFF,#00FFFF,#00FFFF,#00FFFF,#00FFFF,#00FFFF,#00FFFF,#00FFFF,#00FFFF,#00ff7D,#00FFFF,#00ff7D,#00ff7D,#00ff7D,#00ff7D,#00ff7D,#00FF00,#00FF00,#00FF00,US24
21,Maine,#FF7D00,#FFFF00,#FFFF00,#7DFF00,#7DFF00,#00FF00,#7DFF00,#7DFF00,#7DFF00,#FFFF00,#FFFF00,#FFFF00,#FFFF00,#FFFF00,#7DFF00,#7DFF00,#FFFF00,#FFFF00,#FFFF00,#7DFF00,#7DFF00,#7DFF00,#7DFF00,#7DFF00,#00FF00,#00FF00,#00FF00,#7DFF00,#7DFF00,#7DFF00,#7DFF00,#7DFF00,#00FF00,#00FF00,#00FF00,#00FF00,#00FF00,#00FF00,#00FF00,#00FF00,#00FF00,US23
22,Michigan,#00FF00,#00FF00,#00FF00,#00FF00,#00FF00,#00FF00,#00FF00,#00FF00,#00FF00,#00FF00,#00FF00,#00FF00,#00FF00,#00FF00,#00ff7D,#00ff7D,#00FF00,#00FF00,#00FF00,#00FF00,#7DFF00,#7DFF00,#00FF00,#00FF00,#00FF00,#00FF00,#00FF00,#00FF00,#00FF00,#00FF00,#00FF00,#00FF00,#00FF00,#00FF00,#00FF00,#00FF00,#00FF00,#00FF00,#00FF00,#00FF00,#00FF00,US26
23,Minnesota,#7DFF00,#7DFF00,#7DFF00,#7DFF00,#7DFF00,#00FF00,#00FF00,#00FF00,#7DFF00,#7DFF00,#00FF00,#00FF00,#00FF00,#00FF00,#00ff7D,#00ff7D,#00FF00,#00FF00,#00FF00,#00FF00,#00FF00,#00FF00,#00FF00,#00FF00,#00FF00,#00FF00,#00FF00,#00FF00,#00FF00,#00FF00,#00FF00,#00FF00,#00FF00,#00ff7D,#00ff7D,#00ff7D,#00ff7D,#00ff7D,#00ff7D,#00ff7D,#00ff7D,US27
24,Missouri,#00FF00,#00FF00,#00FF00,#00FF00,#00FF00,#00FF00,#00FF00,#00FF00,#00FF00,#00FF00,#00FF00,#00FF00,#00FF00,#00FF00,#00ff7D,#00ff7D,#00FF00,#00FF00,#00FF00,#00FF00,#00FF00,#00FF00,#00FF00,#00FF00,#00FF00,#00FF00,#00FF00,#00FF00,#00FF00,#00FF00,#00FF00,#00FF00,#00FF00,#00FF00,#00FF00,#00FF00,#00FF00,#00FF00,#00FF00,#00FF00,#00FF00,US29
25,Mississippi,#00FF00,#00ff7D,#00ff7D,#00FFFF,#00FFFF,#00FFFF,#007DFF,#00FFFF,#00FFFF,#00FFFF,#00ff7D,#00ff7D,#00ff7D,#00ff7D,#00FFFF,#00ff7D,#00FF00,#00FF00,#00FF00,#00FF00,#00FF00,#00FF00,#00FF00,#00FF00,#00FF00,#00FF00,#00FF00,#00FF00,#00FF00,#00FF00,#00FF00,#00FF00,#00FF00,#00ff7D,#00ff7D,#00FF00,#00FF00,#00FF00,#00FF00,#00FF00,#00FF00,US28
26,Montana,#7DFF00,#7DFF00,#FFFF00,#7DFF00,#7DFF00,#7DFF00,#7DFF00,#00FF00,#7DFF00,#7DFF00,#7DFF00,#7DFF00,#00FF00,#7DFF00,#00FF00,#00FF00,#FFFF00,#FFFF00,#FFFF00,#FFFF00,#FFFF00,#FFFF00,#FFFF00,#FFFF00,#FFFF00,#FFFF00,#FFFF00,#7DFF00,#00FF00,#00FF00,#7DFF00,#7DFF00,#7DFF00,#7DFF00,#00FF00,#7DFF00,#7DFF00,#7DFF00,#7DFF00,#7DFF00,#7DFF00,US30
27,North Carolina,#00FFFF,#00ff7D,#00ff7D,#00ff7D,#00ff7D,#00ff7D,#00ff7D,#00ff7D,#00ff7D,#00ff7D,#00ff7D,#00ff7D,#00ff7D,#00ff7D,#00FFFF,#00FFFF,#00ff7D,#00ff7D,#00ff7D,#00ff7D,#00ff7D,#00ff7D,#00ff7D,#00ff7D,#00ff7D,#00ff7D,#00ff7D,#00FF00,#00ff7D,#00ff7D,#00ff7D,#00ff7D,#00FF00,#00FF00,#00FF00,#00FF00,#00FF00,#00FF00,#00FF00,#00FF00,#00FF00,US37
28,North Dakota,#7DFF00,#7DFF00,#7DFF00,#00ff7D,#00ff7D,#00ff7D,#00ff7D,#00FF00,#00FF00,#00ff7D,#00ff7D,#00FFFF,#00FF00,#00FF00,#00ff7D,#00ff7D,#7DFF00,#7DFF00,#FFFF00,#FFFF00,#FFFF00,#FFFF00,#FFFF00,#FFFF00,#7DFF00,#7DFF00,#00FF00,#00FF00,#00FF00,#00FF00,#00FF00,#00FF00,#00ff7D,#00ff7D,#00FF00,#00FF00,#00FF00,#00FF00,#00FF00,#00FF00,#00FF00,US38
29,Nebraska,#00FF00,#00ff7D,#00FF00,#00FF00,#00FF00,#00FFFF,#00FFFF,#00FFFF,#00FFFF,#0000FF,#007DFF,#007DFF,#007DFF,#007DFF,#0000FF,#007DFF,#00FFFF,#00FFFF,#00FFFF,#00FFFF,#00FFFF,#00FFFF,#00FFFF,#00FFFF,#00FFFF,#007DFF,#0000FF,#007DFF,#007DFF,#00FFFF,#00FFFF,#00FFFF,#00ff7D,#00ff7D,#00ff7D,#00ff7D,#00ff7D,#00ff7D,#00ff7D,#00ff7D,#00ff7D,US31
30,New Hampshire,#00FFFF,#00ff7D,#00ff7D,#00ff7D,#00FF00,#00ff7D,#00ff7D,#00FF00,#00FF00,#00ff7D,#00FF00,#00FF00,#00FF00,#00ff7D,#00ff7D,#00ff7D,#00FF00,#00ff7D,#00ff7D,#00ff7D,#00FFFF,#00FFFF,#00FFFF,#00ff7D,#00ff7D,#00ff7D,#00ff7D,#00ff7D,#00ff7D,#00FFFF,#00FFFF,#00ff7D,#00ff7D,#00FFFF,#00ff7D,#00ff7D,#00ff7D,#00ff7D,#00ff7D,#00ff7D,#00ff7D,US33
31,New Jersey,#00ff7D,#00ff7D,#00FF00,#00ff7D,#00FF00,#00FF00,#00FF00,#00FF00,#00FF00,#00FF00,#00FF00,#00FF00,#00FF00,#00FF00,#00ff7D,#00FFFF,#00ff7D,#00ff7D,#00ff7D,#00ff7D,#00ff7D,#00ff7D,#00FF00,#00FF00,#00FF00,#00FF00,#00FF00,#00FF00,#00FF00,#00FF00,#00FF00,#00FF00,#00FF00,#00FF00,#00FF00,#00FF00,#00FF00,#00FF00,#00FF00,#00FF00,#00FF00,US34
32,New Mexico,#007DFF,#007DFF,#00ff7D,#00FF00,#00FF00,#00FF00,#00FF00,#00FF00,#00FF00,#00FF00,#00FF00,#00FF00,#00FF00,#00FF00,#00ff7D,#00ff7D,#00ff7D,#00FFFF,#00ff7D,#00FF00,#00FF00,#00FF00,#00FF00,#00FF00,#00FF00,#00FF00,#00FF00,#7DFF00,#7DFF00,#00FF00,#00FF00,#7DFF00,#00FF00,#00FF00,#00FF00,#00FF00,#00FF00,#00FF00,#00FF00,#00FF00,#00FF00,US35
33,Nevada,#FFFF00,#FFFF00,#FFFF00,#FFFF00,#FFFF00,#FFFF00,#FFFF00,#FFFF00,#FFFF00,#FF7D00,#FF7D00,#FF7D00,#FF7D00,#FF7D00,#7DFF00,#7DFF00,#FF7D00,#FF7D00,#FFFF00,#FFFF00,#FFFF00,#FFFF00,#FFFF00,#FFFF00,#FFFF00,#FFFF00,#FFFF00,#FFFF00,#FFFF00,#7DFF00,#7DFF00,#FFFF00,#7DFF00,#7DFF00,#7DFF00,#7DFF00,#7DFF00,#7DFF00,#7DFF00,#7DFF00,#00FF00,US32
34,New York,#00FF00,#00FF00,#00FF00,#00FF00,#00FF00,#00FF00,#00FF00,#00FF00,#00FF00,#00ff7D,#00ff7D,#00ff7D,#00ff7D,#00ff7D,#00FFFF,#00ff7D,#00ff7D,#00FF00,#00FF00,#00FF00,#00FF00,#00FF00,#00FF00,#00FF00,#00FF00,#00FF00,#00FF00,#00FF00,#00FF00,#00ff7D,#00ff7D,#00ff7D,#00ff7D,#00ff7D,#00ff7D,#00ff7D,#00ff7D,#00ff7D,#00ff7D,#00FF00,#00FF00,US36
35,Ohio,#00FF00,#00FF00,#00FF00,#00FF00,#00FF00,#00FF00,#00FF00,#00FF00,#00FF00,#00FF00,#00ff7D,#00ff7D,#00FF00,#00ff7D,#00FFFF,#00FFFF,#00ff7D,#00FF00,#00FF00,#00FF00,#00FF00,#00FF00,#00FF00,#00FF00,#00FF00,#00FF00,#00FF00,#00FF00,#00FF00,#00FF00,#00FF00,#00FF00,#00FF00,#00FF00,#00FF00,#00FF00,#00FF00,#00FF00,#00FF00,#00FF00,#00FF00,US39
36,Oklahoma,#00FFFF,#00FF00,#00FF00,#00FF00,#00FF00,#00FF00,#00FF00,#00FF00,#7DFF00,#7DFF00,#7DFF00,#7DFF00,#7DFF00,#7DFF00,#00FF00,#00FF00,#7DFF00,#7DFF00,#7DFF00,#7DFF00,#7DFF00,#7DFF00,#7DFF00,#7DFF00,#7DFF00,#7DFF00,#7DFF00,#7DFF00,#7DFF00,#7DFF00,#00FF00,#00FF00,#00FF00,#00FF00,#00FF00,#00FF00,#00FF00,#00FF00,#00FF00,#00FF00,#00FF00,US40
37,Oregon,#FF7D00,#FFFF00,#FFFF00,#FFFF00,#FFFF00,#FFFF00,#FFFF00,#FFFF00,#FFFF00,#FFFF00,#FFFF00,#FFFF00,#FFFF00,#FFFF00,#7DFF00,#7DFF00,#FFFF00,#FFFF00,#FFFF00,#FFFF00,#FFFF00,#FFFF00,#FFFF00,#FFFF00,#FFFF00,#FFFF00,#FFFF00,#FFFF00,#FFFF00,#FFFF00,#FFFF00,#FFFF00,#FFFF00,#FFFF00,#7DFF00,#7DFF00,#FFFF00,#FFFF00,#FFFF00,#FFFF00,#FFFF00,US41
38,Pennsylvania,#00FF00,#00FF00,#00ff7D,#00ff7D,#00FF00,#00FF00,#00FF00,#00FF00,#00FF00,#00FF00,#00FF00,#00FF00,#00FF00,#00FF00,#00ff7D,#00ff7D,#00FF00,#00FF00,#00FF00,#00FF00,#00FF00,#00FF00,#00FF00,#00FF00,#00FF00,#00FF00,#00FF00,#00FF00,#00FF00,#00FF00,#00FF00,#00FF00,#00FF00,#00ff7D,#00FF00,#00FF00,#00FF00,#00FF00,#00FF00,#00ff7D,#00FF00,US42
39,Rhode Island,#00FFFF,#00FFFF,#00ff7D,#00ff7D,#00ff7D,#00FFFF,#00FFFF,#00ff7D,#00ff7D,#00ff7D,#00ff7D,#00ff7D,#00ff7D,#00FF00,#00ff7D,#00ff7D,#00FF00,#00FF00,#00FF00,#00FF00,#00FF00,#00FF00,#00FF00,#00ff7D,#00ff7D,#00ff7D,#00FFFF,#007DFF,#007DFF,#00FFFF,#00FFFF,#00FFFF,#00FFFF,#007DFF,#00FFFF,#00FFFF,#00FFFF,#00FFFF,#00FFFF,#007DFF,#007DFF,US44
40,South Carolina,#00FF00,#00FF00,#00ff7D,#00ff7D,#00ff7D,#00FFFF,#00ff7D,#00ff7D,#00ff7D,#00ff7D,#00ff7D,#00FF00,#00FF00,#00FF00,#00ff7D,#00ff7D,#00FF00,#00FF00,#00FF00,#00FF00,#00FF00,#00FF00,#00FF00,#00FF00,#00FF00,#00FF00,#00FF00,#00FF00,#00FF00,#00FF00,#00FF00,#00FF00,#00FF00,#00FF00,#00FF00,#00FF00,#00FF00,#00FF00,#00FF00,#00FF00,#00FF00,US45
41,South Dakota,#00FF00,#00ff7D,#00FF00,#00ff7D,#00ff7D,#00ff7D,#00ff7D,#00FF00,#00FF00,#00ff7D,#00FFFF,#00ff7D,#007DFF,#0000FF,#00FFFF,#00FFFF,#00ff7D,#00ff7D,#00ff7D,#00ff7D,#00ff7D,#00ff7D,#00ff7D,#00ff7D,#007DFF,#007DFF,#007DFF,#00ff7D,#00ff7D,#00FFFF,#007DFF,#00FFFF,#00FFFF,#00FFFF,#00ff7D,#00FF00,#00FF00,#00FF00,#00FF00,#00FF00,#00FF00,US46
42,Tennesesse,#00FFFF,#00ff7D,#00FFFF,#00ff7D,#00ff7D,#00ff7D,#00FF00,#00FF00,#00FF00,#00FF00,#00FF00,#00FF00,#00FF00,#00FF00,#00ff7D,#00ff7D,#00FF00,#00FF00,#00FF00,#00FF00,#00FF00,#00FF00,#00FF00,#00FF00,#00FF00,#00FF00,#00FF00,#00FF00,#00FF00,#00FF00,#7DFF00,#00FF00,#00FF00,#00FF00,#00FF00,#00FF00,#00FF00,#00FF00,#00FF00,#00FF00,#00FF00,US47
43,Texas,#00FF00,#00FF00,#00FF00,#00FF00,#00FF00,#00FF00,#00FF00,#00FF00,#00FF00,#00FF00,#00FF00,#00FF00,#00FF00,#00FF00,#00ff7D,#00ff7D,#00FF00,#00FF00,#00FF00,#00FF00,#00FF00,#00FF00,#00FF00,#00FF00,#00FF00,#00FF00,#00FF00,#00FF00,#00FF00,#00FF00,#00FF00,#00FF00,#00FF00,#00FF00,#00FF00,#00FF00,#00FF00,#00FF00,#00FF00,#00FF00,#00FF00,US48
44,Utah,#7DFF00,#00ff7D,#7DFF00,#00FF00,#00FF00,#00FF00,#00FF00,#00FF00,#00FF00,#00ff7D,#00ff7D,#00ff7D,#00ff7D,#00ff7D,#00FFFF,#00FFFF,#00ff7D,#00FF00,#00FF00,#00ff7D,#00FF00,#00FF00,#00FF00,#00FF00,#00FF00,#00FF00,#00FF00,#00FF00,#00FF00,#00FF00,#00FF00,#00FF00,#00FF00,#00FF00,#00FF00,#00FF00,#00FF00,#00FF00,#00FF00,#00FF00,#00FF00,US49
45,Virgina,#00FF00,#00FF00,#00FF00,#00FF00,#00FF00,#00FF00,#00ff7D,#00ff7D,#00ff7D,#00ff7D,#00ff7D,#00ff7D,#00ff7D,#00ff7D,#00FFFF,#007DFF,#00FFFF,#00ff7D,#00ff7D,#00ff7D,#00ff7D,#00FFFF,#00FFFF,#00ff7D,#00ff7D,#00ff7D,#00ff7D,#00ff7D,#00ff7D,#00ff7D,#00ff7D,#00ff7D,#00ff7D,#00ff7D,#00FF00,#00FF00,#00FF00,#00FF00,#00FF00,#00FF00,#00FF00,US51
46,Vermont,#FF7D00,#FFFF00,#FFFF00,#FFFF00,#00FF00,#00ff7D,#00FF00,#00FF00,#00ff7D,#00FF00,#00FF00,#00FF00,#00ff7D,#00FFFF,#00FFFF,#00FFFF,#00FF00,#00FF00,#00ff7D,#00ff7D,#00ff7D,#00ff7D,#00ff7D,#00ff7D,#00ff7D,#00ff7D,#007DFF,#00FF00,#00FF00,#00FF00,#00ff7D,#00FF00,#00FF00,#00FF00,#FF7D00,#FFFF00,#FFFF00,#FFFF00,#FFFF00,#FFFF00,#FFFF00,US50
47,Washington,#FFFF00,#FFFF00,#FFFF00,#FFFF00,#FFFF00,#FFFF00,#FFFF00,#FFFF00,#FFFF00,#FFFF00,#FFFF00,#FFFF00,#FFFF00,#FFFF00,#7DFF00,#7DFF00,#FFFF00,#FFFF00,#FFFF00,#FFFF00,#FFFF00,#FFFF00,#FFFF00,#FFFF00,#FFFF00,#FFFF00,#FFFF00,#FFFF00,#FFFF00,#FFFF00,#7DFF00,#7DFF00,#7DFF00,#7DFF00,#7DFF00,#7DFF00,#7DFF00,#7DFF00,#7DFF00,#7DFF00,#7DFF00,US53
48,Wisconsin,#00FF00,#00ff7D,#00FFFF,#00FF00,#00FF00,#00FF00,#00FF00,#00FF00,#00FF00,#00FF00,#00FF00,#00FF00,#00FF00,#00FF00,#00ff7D,#00FFFF,#00ff7D,#00ff7D,#00ff7D,#00FF00,#00FF00,#00FF00,#00FF00,#00FF00,#00FF00,#00FF00,#00FF00,#00FF00,#00FF00,#00FF00,#00FF00,#00ff7D,#00ff7D,#00ff7D,#00ff7D,#00ff7D,#00ff7D,#00ff7D,#00ff7D,#00ff7D,#00ff7D,US55
49,West Virginia,#0000FF,#00FFFF,#00ff7D,#00ff7D,#00ff7D,#00ff7D,#00FF00,#00FF00,#00FF00,#00FF00,#00FF00,#00FF00,#00FF00,#7DFF00,#00FF00,#00FF00,#7DFF00,#00FF00,#7DFF00,#7DFF00,#7DFF00,#7DFF00,#7DFF00,#00FF00,#00FF00,#00FF00,#00FF00,#00FF00,#00FF00,#00FF00,#00FF00,#00FF00,#00FF00,#00FF00,#7DFF00,#7DFF00,#7DFF00,#7DFF00,#7DFF00,#7DFF00,#7DFF00,US54
50,Wyoming,#FFFF00,#FFFF00,#FFFF00,#7DFF00,#7DFF00,#FFFF00,#FF7D00,#FFFF00,#7DFF00,#FFFF00,#FFFF00,#FFFF00,#7DFF00,#7DFF00,#00FF00,#00FF00,#00FF00,#00FF00,#00FF00,#00FF00,#00FF00,#00FF00,#00FF00,#00FF00,#00ff7D,#00ff7D,#00FF00,#00FF00,#00FF00,#00FF00,#00FF00,#00FF00,#00FF00,#00FF00,#00FF00,#00FF00,#00FF00,#00FF00,#00FF00,#00FF00,#00FF00,US56
